band,Host_uJy,AGN_C1_uJy,AGN_C2_uJy,Sum_uJy,GalfitS_Total_uJy,Host_pct,AGN_C1_pct,AGN_C2_pct
F560W,3.0514,0.0736,0.1666,3.2916,3.2916,92.70,2.24,5.06
F770W,4.5920,0.0615,0.2323,4.8858,4.8858,93.99,1.26,4.75
F1000W,7.2792,0.0544,0.5670,7.9007,7.9007,92.13,0.69,7.18
F1130W,8.8209,0.0277,0.7207,9.5693,9.5693,92.18,0.29,7.53
F1280W,11.5606,0.2673,1.9742,13.8020,13.8020,83.76,1.94,14.30
F1500W,17.8984,0.2447,5.8527,23.9959,23.9959,74.59,1.02,24.39
F1800W,31.1768,4.0846,11.5619,46.8233,46.8233,66.58,8.72,24.69
F2100W,25.3715,13.2806,34.0718,72.7240,72.7240,34.89,18.26,46.85
F2550W,87.3893,1.2748,83.8788,172.5430,172.5430,50.65,0.74,48.61
F115W,0.6961,0.0208,0.0885,0.8054,0.8054,86.43,2.58,10.99
F200W,2.8967,0.0068,0.0363,2.9399,2.9399,98.53,0.23,1.24
F410M,13.7521,0.0612,0.0364,13.8497,13.8497,99.30,0.44,0.26
