band,AGN_C1_uJy,AGN_C2_uJy,Sum_uJy,GalfitS_Total_uJy,AGN_C1_pct,AGN_C2_pct
F560W,0.3770,0.3302,0.7072,0.7072,53.31,46.69
F770W,0.8163,0.5435,1.3598,1.3598,60.03,39.97
F1000W,1.6229,1.1120,2.7349,2.7349,59.34,40.66
F1130W,2.1113,1.4241,3.5355,3.5355,59.72,40.28
F1280W,3.5769,2.7232,6.3001,6.3001,56.77,43.23
F1500W,5.5487,7.1542,12.7029,12.7029,43.68,56.32
F1800W,14.7689,13.9453,28.7142,28.7142,51.43,48.57
F2100W,22.9730,36.2156,59.1886,59.1886,38.81,61.19
F2550W,41.4909,91.0862,132.5770,132.5770,31.30,68.70
F115W,0.0217,0.0887,0.1104,0.1104,19.65,80.35
F200W,0.0507,0.0404,0.0912,0.0912,55.65,44.35
F410M,0.5417,0.1175,0.6592,0.6592,82.17,17.83
