Clump ID,Band,Wavelength_um,Flux_uJy,Flux_Err_uJy
Center,F560W,5.6,1.8155989346453085,0.04662016134984573
West,F560W,5.6,1.8155989346453085,0.04662016134984573
North,F560W,5.6,1.8497164549804996,0.047036495980671576
South,F560W,5.6,0.2385737156865876,0.04653588513356326
Southeast,F560W,5.6,0.23198957566452713,0.03296546241647542
Center,F770W,7.7,2.4493377383275976,0.05231504473292267
West,F770W,7.7,2.4493377383275976,0.05231504473292267
North,F770W,7.7,2.3888674578422555,0.052542965193919565
South,F770W,7.7,0.1457231694882318,0.052403355916727415
Southeast,F770W,7.7,0.20547796842612226,0.037370830057046875
Center,F1000W,10.0,3.554865890488847,0.0962686950425865
West,F1000W,10.0,3.554865890488847,0.0962686950425865
North,F1000W,10.0,3.5432860145242877,0.0967610832011187
South,F1000W,10.0,-0.34478523885153484,0.0975085293764887
Southeast,F1000W,10.0,0.3153083431818351,0.06970562854398898
Center,F1130W,11.3,4.568072503362117,0.14992735054921574
West,F1130W,11.3,4.568072503362117,0.14992735054921574
North,F1130W,11.3,3.884813563554791,0.15109654905570868
South,F1130W,11.3,0.7304626845631649,0.1520732463768284
Southeast,F1130W,11.3,0.3852263549999492,0.10826049702479816
Center,F1280W,12.8,6.742914208950171,0.1693221693635331
West,F1280W,12.8,6.742914208950171,0.1693221693635331
North,F1280W,12.8,5.918756428592052,0.1703280031211261
South,F1280W,12.8,0.3680063804866664,0.1714746892405474
Southeast,F1280W,12.8,0.5751651421806385,0.12164632145191773
Center,F1500W,15.0,12.908578935091574,0.26940375688176266
West,F1500W,15.0,12.908578935091574,0.26940375688176266
North,F1500W,15.0,10.986633143700018,0.2706848102913412
South,F1500W,15.0,-0.06022586982671661,0.27185477126956586
Southeast,F1500W,15.0,0.9636803099724076,0.1935277760796393
Center,F1800W,18.0,28.225958630874036,0.4169860642668554
West,F1800W,18.0,28.225958630874036,0.4169860642668554
North,F1800W,18.0,19.110973744563772,0.4171065752424378
South,F1800W,18.0,2.73734966929028,0.4217110310065453
Southeast,F1800W,18.0,0.5023444431547361,0.2984732830158912
Center,F2100W,21.0,42.73691561459403,0.5893002395251228
West,F2100W,21.0,42.73691561459403,0.5893002395251228
North,F2100W,21.0,38.67589145293621,0.5899993031946048
South,F2100W,21.0,1.977307818603061,0.5964095633104417
Southeast,F2100W,21.0,-1.205242323274066,0.4238847091546029
Center,F2550W,25.5,74.91551221756072,1.2478131594190436
West,F2550W,25.5,74.91551221756072,1.2478131594190436
North,F2550W,25.5,64.85104952706085,1.2557167228924226
South,F2550W,25.5,-4.763442173085501,1.2694636492892195
Southeast,F2550W,25.5,7.687919431877431,0.9010447847254438
