band,host_flux,agn_flux,total,host_pct,agn_pct
F560W,1.641363e+01,1.433856e+01,3.075220e+01,53.37,46.63
F770W,2.349038e+01,1.267997e+01,3.617035e+01,64.94,35.06
F1000W,4.166436e+01,1.303024e+01,5.469461e+01,76.18,23.82
F1130W,4.099040e+01,1.433856e+01,5.532896e+01,74.08,25.92
F1280W,5.686805e+01,1.378271e+01,7.065076e+01,80.49,19.51
F1500W,1.162664e+02,1.217062e+01,1.284370e+02,90.52,9.48
F1800W,2.220635e+02,1.298620e+01,2.350497e+02,94.48,5.52
F2100W,4.173391e+02,1.316583e+01,4.305049e+02,96.94,3.06
F2550W,1.067572e+03,1.433856e+01,1.081911e+03,98.67,1.33
