band,Sersic_C1_uJy,Sersic_C2_uJy,AGN_C1_uJy,AGN_C2_uJy,Sum_uJy,Total_uJy
F560W,2.3294,0.6509,0.0912,0.0936,3.1652,3.1652
F770W,4.0104,0.6969,0.0737,0.0893,4.8703,4.8703
F1000W,6.6945,1.0044,0.0830,0.1734,7.9553,7.9553
F1130W,8.3653,0.4884,0.0480,0.5730,9.4748,9.4748
F1280W,6.7639,3.2636,1.5353,0.5258,12.0886,12.0886
F1500W,11.1004,5.1032,2.1154,3.4234,21.7424,21.7424
F1800W,12.9923,10.1986,9.8435,6.4942,39.5286,39.5286
F2100W,9.5825,20.8006,18.0392,21.3696,69.7918,69.7918
F2550W,58.5352,38.9030,13.1660,56.9053,167.5094,167.5094
F115W,0.1858,0.0971,0.0213,0.0887,0.3930,0.3930
F200W,2.5969,0.2338,0.0208,0.0367,2.8883,2.8883
F410M,15.0152,0.5537,0.1372,0.0015,15.7077,15.7077
