band,C1_group_uJy,C2_group_uJy,Sum_uJy,Total_uJy,C1_pct,C2_pct
F560W,2.4207,0.7445,3.1652,3.1652,76.48,23.52
F770W,4.0841,0.7862,4.8703,4.8703,83.86,16.14
F1000W,6.7775,1.1778,7.9553,7.9553,85.19,14.81
F1130W,8.4133,1.0614,9.4748,9.4748,88.80,11.20
F1280W,8.2992,3.7894,12.0886,12.0886,68.65,31.35
F1500W,13.2158,8.5266,21.7424,21.7424,60.78,39.22
F1800W,22.8357,16.6928,39.5286,39.5286,57.77,42.23
F2100W,27.6217,42.1701,69.7918,69.7918,39.58,60.42
F2550W,71.7012,95.8083,167.5094,167.5094,42.80,57.20
F115W,0.2072,0.1858,0.3930,0.3930,52.72,47.28
F200W,2.6177,0.2705,2.8883,2.8883,90.63,9.37
F410M,15.1525,0.5552,15.7077,15.7077,96.47,3.53
